{
  "company": {
    "name": "Soluciones y Servicios+",
    "description": "Soluciones y Servicios+ es una empresa dedicada a ofrecer soluciones integrales en tecnología y servicios relacionados. Nos especializamos en brindar un servicio de calidad, adaptado a las necesidades de nuestros clientes.",
    "services": [
      {
        "name": "Cursos",
        "description": "Ofrecemos una variedad de cursos en diferentes áreas tecnológicas, diseñados para mejorar las habilidades y conocimientos de nuestros clientes."
      },
      {
        "name": "Venta de Equipos",
        "description": "Proporcionamos equipos de alta calidad para satisfacer las necesidades tecnológicas de nuestros clientes, asegurando un rendimiento óptimo."
      },
      {
        "name": "Instalación de Puntos de Anclaje",
        "description": "Realizamos la instalación de puntos de anclaje para garantizar la seguridad y eficiencia en el uso de equipos tecnológicos."
      }
    ],
    "contact": {
      "email": "contacto@solucionesyservicios.com",
      "phone": "+123 456 7890",
      "address": "Calle Ejemplo 123, Ciudad, País"
    }
  }
}